sex,AgeGroup,n,Model,RMSE
Female,5-8,16,Ridge_RMSE,2.9131006361693514
Female,5-8,16,XGB_RMSE,3.09991020592083
Female,9-12,29,Ridge_RMSE,1.9453489721994863
Female,9-12,29,XGB_RMSE,2.109981142375207
Fema
Male,9-12,69,XGB_RMSE,1.8154954649173585
Male,13-16,28,Ridge_RMSE,1.81358733853871
Male,13-16,28,XGB_RMSE,2.5829265621736104
Male,17-21,14,Ridge_RMSE,3.853483536709017
Male,17-21,14,XGB_RMSE,4.450526608514956
